{
  "train_loss": [
    0.22389268117308617,
    0.20119701630830764,
    0.19057892122626305,
    0.18392033944845199,
    0.17850340462207795,
    0.17455584518671036,
    0.17136388143062592,
    0.16816341502070428,
    0.16552306923985483,
    0.16222034419059753,
    0.16116640800118445,
    0.16103438307344914,
    0.15696581070423127,
    0.1538684199720621,
    0.15282688879549503,
    0.15302424224197864,
    0.15011453674912453,
    0.14846737091064452
  ],
  "val_loss": [
    0.20793715858223036,
    0.19406998693294733,
    0.18507540503413114,
    0.17909111902451408,
    0.17414361292821662,
    0.17883395855997283,
    0.1769555887959359,
    0.16474391368437638,
    0.1891901461325314,
    0.22845920342630252,
    0.18777295532359273,
    0.1842645652692286,
    0.1658955020776408,
    0.185441941051474,
    0.21325532612953899,
    0.2066198284770538,
    0.21831027458893207,
    0.19811483015921813
  ],
  "train_acc": [
    0.9303045579218865,
    0.9320787729358673,
    0.9337329827308655,
    0.9351154411029816,
    0.9362609419631958,
    0.9372013658094406,
    0.9379985659694672,
    0.9388619905853272,
    0.9396144699811936,
    0.9405567374324798,
    0.9408951879453659,
    0.9409770733690261,
    0.9421793977212906,
    0.9431100588560104,
    0.9434326307344436,
    0.9434095938682556,
    0.9443399606132508,
    0.9448789636659622
  ],
  "val_acc": [
    0.9314064565790974,
    0.9331374309113296,
    0.9348535766146996,
    0.9361869516619794,
    0.9373146892737976,
    0.9380349131326071,
    0.9379707602301395,
    0.9403840383885385,
    0.9403404564485287,
    0.9408618598432779,
    0.9415137994312279,
    0.9417603325935334,
    0.9432404793307938,
    0.9437389975927307,
    0.9440904547217864,
    0.9439236083171036,
    0.9449902082664113,
    0.945589189604163
  ]
}