{
  "train_loss": [
    0.20589125392913818,
    0.17417995241641998,
    0.16424854391396046,
    0.15589643174529075,
    0.14880711700081825,
    0.14250539102494716,
    0.13484256852149965,
    0.1286336762726307,
    0.12432242552042007,
    0.1224820450168848,
    0.12329000031530857,
    0.12384126504182816,
    0.11533301461696625,
    0.11199635253310204,
    0.10973384206354618,
    0.10791701622724532,
    0.10646778738558292,
    0.10498304535150528,
    0.10403013300895692,
    0.10294581693887711,
    0.10210498553335666,
    0.10087353288173675,
    0.09977309659421443,
    0.0986671184682846,
    0.09748906904518605,
    0.09667067109704018,
    0.09605015333414078,
    0.09489978876829147,
    0.09433709489166736,
    0.09347171215951443,
    0.09279243569791316,
    0.09214292461931706,
    0.09159612755715847,
    0.09108357190549374,
    0.09064623389273882,
    0.09015237447082997,
    0.08989651770561934,
    0.08951087250679732,
    0.08909169937431813,
    0.08872546443849802,
    0.08845404355555772,
    0.08821492618858814,
    0.08786214629769325,
    0.0876261770528555,
    0.08741952102661132,
    0.08713218339502811,
    0.0869618679496646,
    0.08671553806245327,
    0.08650330843895673,
    0.08634172232329845
  ],
  "val_loss": [
    0.18383955089846102,
    0.167063995518901,
    0.1599657467577752,
    0.15269982387202716,
    0.14361951728032632,
    0.1384999743083007,
    0.1348866577178564,
    0.1621520941980512,
    0.123763110634042,
    0.12085729688215317,
    6.5789937292698175,
    0.16404814745036747,
    0.11475704490699909,
    0.11604686639607144,
    0.11138949819238081,
    0.11027108897918017,
    0.10773193283734685,
    0.10824730246782456,
    0.10628934645511673,
    0.11028197518313305,
    0.10632867589163918,
    0.10321640621296352,
    0.10175343914170792,
    0.09907426487270717,
    0.09751872287411302,
    0.09971327908094008,
    0.09728191121792991,
    0.09765365732665712,
    0.09573968065639223,
    0.0996611869237931,
    0.09307865440006524,
    0.0939175038147415,
    0.09226709913631624,
    0.09346010412970797,
    0.09231494130687079,
    0.09075749191674222,
    0.09269794835563051,
    0.09001674812456316,
    0.08988199952181836,
    0.09044513962471706,
    0.0897521253362994,
    0.08816254455941805,
    0.08952247997315664,
    0.08832698895030501,
    0.08974006986072715,
    0.08717135208648745,
    0.0874500864936767,
    0.08719422765462274,
    0.08758832787187985,
    0.0879722417964435
  ],
  "train_acc": [
    0.9319124350404739,
    0.9365644286203384,
    0.9389733800554275,
    0.9412401417541504,
    0.9433117995452881,
    0.9452348827743531,
    0.9477507970762252,
    0.9499589271306992,
    0.9515843558168411,
    0.9523976564073563,
    0.9522068040275574,
    0.9520400323390961,
    0.9550711221075058,
    0.9563271189069747,
    0.9571856468868256,
    0.9578958014822007,
    0.9584421395158768,
    0.959020848274231,
    0.9594079502105712,
    0.9598259666395187,
    0.9601554714298248,
    0.9606321392345428,
    0.9610565091371537,
    0.9615018655633927,
    0.9619525678682327,
    0.9622848872327805,
    0.9625173614597321,
    0.9629570257854462,
    0.9631895204257965,
    0.9635105068635941,
    0.963769686074257,
    0.9640232140398025,
    0.9642360495090485,
    0.9644229811859131,
    0.9645906208705902,
    0.9647870051527023,
    0.9648790971136093,
    0.965042015414238,
    0.9651877384519577,
    0.9653450990343094,
    0.9654455122709275,
    0.9655480536031723,
    0.9656761786174775,
    0.965770444893837,
    0.9658445510053635,
    0.9659620928001403,
    0.9660226970481872,
    0.9661163179683685,
    0.9662041021203994,
    0.9662640194797516
  ],
  "val_acc": [
    0.9346249708744935,
    0.9382727711687314,
    0.9401617125677743,
    0.9422258866649367,
    0.9449975613745374,
    0.9466217933216693,
    0.9492174096391206,
    0.9417198496755697,
    0.9529405136712453,
    0.9545367810868027,
    0.9297200536697398,
    0.9534789793245776,
    0.955708058537845,
    0.9560819885247195,
    0.9576792045426689,
    0.9580964670681602,
    0.9591024267848912,
    0.959225569675919,
    0.9595808683872528,
    0.9580151306766771,
    0.9601128481552529,
    0.9607575169299096,
    0.9608384411989385,
    0.9617184904318777,
    0.9625369886595396,
    0.9628224763745157,
    0.9628730795738869,
    0.9630335652134163,
    0.9633334697017438,
    0.9621698338864937,
    0.9642152544861792,
    0.9639424897506309,
    0.9644586465256533,
    0.9638995690675248,
    0.9645233780469791,
    0.9647747023473241,
    0.9649016867443605,
    0.9650170216557313,
    0.9652910667280318,
    0.9656527699069647,
    0.9657875603769196,
    0.965774877744078,
    0.9653408019800486,
    0.9662291960539302,
    0.9654337069733511,
    0.9661928842789228,
    0.966252618505645,
    0.9662768664225811,
    0.9666826871443619,
    0.9659740297518247
  ]
}