{
  "train_loss": [
    0.5136352678140005,
    0.3111733913421631,
    0.2708899239699046
  ],
  "val_loss": [
    0.7516203224658966,
    0.34227635711431503,
    0.2545947879552841
  ],
  "train_acc": [
    0.8273587763309479,
    0.9303202112515767,
    0.9316287438074747
  ],
  "val_acc": [
    0.9358858168125153,
    0.9412448108196259,
    0.9412448108196259
  ]
}